<?xml version="1.0" encoding="UTF-8"?>

<!-- Generated by maven-plugin-tools 3.4 on 2015-04-16 -->

<plugin>
  <name>Maven Wrapper</name>
  <description>Maven Command Line Wrapper</description>
  <groupId>com.rimerosolutions.maven.plugins</groupId>
  <artifactId>wrapper-maven-plugin</artifactId>
  <version>0.0.4</version>
  <goalPrefix>wrapper</goalPrefix>
  <mojos>
    <mojo>
      <goal>help</goal>
      <description>Display help information on wrapper-maven-plugin.
Call mvn wrapper:help -Ddetail=true -Dgoal=&lt;goal-name&gt; to display parameter details.</description>
      <requiresDirectInvocation>false</requiresDirectInvocation>
      <requiresProject>false</requiresProject>
      <requiresReports>false</requiresReports>
      <aggregator>false</aggregator>
      <requiresOnline>false</requiresOnline>
      <inheritedByDefault>true</inheritedByDefault>
      <implementation>org.apache.maven.wrapper.HelpMojo</implementation>
      <language>java</language>
      <instantiationStrategy>per-lookup</instantiationStrategy>
      <executionStrategy>once-per-session</executionStrategy>
      <threadSafe>true</threadSafe>
      <parameters>
        <parameter>
          <name>detail</name>
          <type>boolean</type>
          <required>false</required>
          <editable>true</editable>
          <description>If true, display all settable properties for each goal.</description>
        </parameter>
        <parameter>
          <name>goal</name>
          <type>java.lang.String</type>
          <required>false</required>
          <editable>true</editable>
          <description>The name of the goal for which to show help. If unspecified, all goals will be displayed.</description>
        </parameter>
        <parameter>
          <name>indentSize</name>
          <type>int</type>
          <required>false</required>
          <editable>true</editable>
          <description>The number of spaces per indentation level, should be positive.</description>
        </parameter>
        <parameter>
          <name>lineLength</name>
          <type>int</type>
          <required>false</required>
          <editable>true</editable>
          <description>The maximum length of a display line, should be positive.</description>
        </parameter>
      </parameters>
      <configuration>
        <detail implementation="boolean" default-value="false">${detail}</detail>
        <goal implementation="java.lang.String">${goal}</goal>
        <indentSize implementation="int" default-value="2">${indentSize}</indentSize>
        <lineLength implementation="int" default-value="80">${lineLength}</lineLength>
      </configuration>
    </mojo>
    <mojo>
      <goal>wrapper</goal>
      <description>Generates a Maven Command Line Wrapper for the current project.</description>
      <requiresDirectInvocation>false</requiresDirectInvocation>
      <requiresProject>true</requiresProject>
      <requiresReports>false</requiresReports>
      <aggregator>false</aggregator>
      <requiresOnline>false</requiresOnline>
      <inheritedByDefault>true</inheritedByDefault>
      <implementation>org.apache.maven.wrapper.MavenWrapperMojo</implementation>
      <language>java</language>
      <instantiationStrategy>per-lookup</instantiationStrategy>
      <executionStrategy>once-per-session</executionStrategy>
      <threadSafe>false</threadSafe>
      <parameters>
        <parameter>
          <name>baseDistributionUrl</name>
          <type>java.lang.String</type>
          <required>false</required>
          <editable>true</editable>
          <description>Base distribution URL for the Maven binaries download.</description>
        </parameter>
        <parameter>
          <name>mavenVersion</name>
          <type>java.lang.String</type>
          <required>false</required>
          <editable>true</editable>
          <description>The Maven version to use for the generate wrapper</description>
        </parameter>
        <parameter>
          <name>wrapperDirectory</name>
          <type>java.lang.String</type>
          <required>false</required>
          <editable>true</editable>
          <description>The wrapper jar output folder. The location should be a sub-folder of the wrapper scripts directory</description>
        </parameter>
        <parameter>
          <name>wrapperScriptDirectory</name>
          <type>java.lang.String</type>
          <required>false</required>
          <editable>true</editable>
          <description>The wrapper scripts folder for Windows/Unix</description>
        </parameter>
      </parameters>
      <configuration>
        <baseDistributionUrl implementation="java.lang.String" default-value="https://repository.apache.org/content/repositories/releases/org/apache/maven/apache-maven">${baseDistributionUrl}</baseDistributionUrl>
        <mavenVersion implementation="java.lang.String">${mavenVersion}</mavenVersion>
        <wrapperDirectory implementation="java.lang.String" default-value="${basedir}/maven">${wrapperDirectory}</wrapperDirectory>
        <wrapperScriptDirectory implementation="java.lang.String" default-value="${basedir}">${wrapperScriptDirectory}</wrapperScriptDirectory>
      </configuration>
    </mojo>
  </mojos>
</plugin>